0,SansText,ok this is epic.,,,,,,,
0,GasterBlaster,1,0,0,189,246,0,0.333,0.26666
0,GasterBlaster,1,0,0,259,166,90,0.333,0.26666
0,GasterBlaster,1,640,480,449,366,180,0.333,0.26666
0,GasterBlaster,1,640,480,379,446,270,0.333,0.26666
0.9,GasterBlaster,1,0,0,189,176,45,0.333,0.26666
0,GasterBlaster,1,640,0,449,176,135,0.333,0.26666
0,GasterBlaster,1,640,480,449,436,225,0.333,0.26666
0,GasterBlaster,1,0,480,189,436,315,0.333,0.26666
